Title	StartDate	EndDate	StartTime	EndTime	Description	AllDay	WillSend	IsSent	Delete
hoge	2022/2/18	2022/2/18	22:00	23:00	""	FALSE	TRUE	TRUE	FALSE
hoge	2022/2/19	2022/02/19	21:00	22:00	""	FALSE	TRUE	TRUE	TRUE
hoge	2022/2/19	2022/2/19	10:00	11:00	""	FALSE	TRUE	FALSE	FALSE
hoge	2022/2/19	2022/2/19	21:00	22:00	""	FALSE	TRUE	TRUE	FALSE
hoge	2022/2/20	2022/2/20	21:00	23:00	""	FALSE	TRUE	TRUE	FALSE
hoge	2022/2/21	2022/2/21	18:00	19:00	""	FALSE	TRUE	TRUE	FALSE
hoge	2022/2/26	2022/2/26	21:00	23:00	""	FALSE	TRUE	TRUE	FALSE
hoge	2022/2/28	2022/2/28	19:00	20:00	""	FALSE	TRUE	TRUE	FALSE
hoge	2022/2/28	2022/2/28	22:00	23:00	""	FALSE	TRUE	TRUE	TRUE
